judge,prompt,ari,metric_kind,swap_flip_rate,sfr_ci_low,sfr_ci_high,flips_count,position_advantage_index,pos1_win_rate_avg,pos1_win_rate_orderA,pos1_win_rate_orderB,tie_rate_any,n_pairs_strict,n_pairs_total
gpt-4,baseline,5,rank,0.020618556701030927,0.01048396224796062,0.04015248377269068,8,0.01534526854219953,0.5076726342710998,0.9948849104859335,0.020460358056265986,0.0076726342710997444,388.0,391.0
gpt-4,baseline,9,rank,0.02313624678663239,0.012218854660762798,0.04337980578483895,9,0.020460358056265893,0.510230179028133,0.9974424552429667,0.023017902813299233,0.005115089514066497,389.0,391.0
gpt-4,baseline,14,rank,0.04092071611253197,0.025342700599427316,0.06543160406160192,16,0.04092071611253201,0.520460358056266,0.9974424552429667,0.043478260869565216,0.0,391.0,391.0
gpt-4,cot,5,rank,0.01282051282051282,0.00548825335081907,0.029656494793808896,5,0.01278772378516635,0.5063938618925832,0.9948849104859335,0.017902813299232736,0.0025575447570332483,390.0,391.0
gpt-4,cot,9,rank,0.002564102564102564,0.0004527705452330331,0.014379235455071315,1,0.002557544757033181,0.5012787723785166,0.9974424552429667,0.005115089514066497,0.0025575447570332483,390.0,391.0
gpt-4,cot,14,rank,0.017902813299232736,0.00869859191862017,0.03648779487026009,7,0.01790281329923271,0.5089514066496164,0.989769820971867,0.028132992327365727,0.0,391.0,391.0
